sweep	kind	value	seed	action	run_name
prompts	prompts	16	3407	continue	rl_grpo_merge_ablate_prompts16_rollouts8_seed3407
prompts	prompts	32	3407	continue	rl_grpo_merge_ablate_prompts32_rollouts8_seed3407
prompts	prompts	64	3407	rerun	rl_grpo_merge_ablate_prompts64_rollouts8_seed3407
prompts	prompts	16	3408	continue	rl_grpo_merge_ablate_prompts16_rollouts8_seed3408
prompts	prompts	32	3408	continue	rl_grpo_merge_ablate_prompts32_rollouts8_seed3408
prompts	prompts	64	3408	rerun	rl_grpo_merge_ablate_prompts64_rollouts8_seed3408
prompts	prompts	16	3409	rerun	rl_grpo_merge_ablate_prompts16_rollouts8_seed3409
prompts	prompts	32	3409	rerun	rl_grpo_merge_ablate_prompts32_rollouts8_seed3409
prompts	prompts	64	3409	rerun	rl_grpo_merge_ablate_prompts64_rollouts8_seed3409
rollouts	rollouts	64	3407	continue	rl_grpo_merge_ablate_prompts8_rollouts64_seed3407
rollouts	rollouts	32	3409	rerun	rl_grpo_merge_ablate_prompts8_rollouts32_seed3409
rollouts	rollouts	64	3409	continue	rl_grpo_merge_ablate_prompts8_rollouts64_seed3409
rollouts	rollouts	64	3408	continue	rl_grpo_merge_ablate_prompts8_rollouts64_seed3408
